# 論理演算子を利用した条件文

WHEREやHAVINGの条件文などを利用する際に、SQLで利用できる基本的な論理式について学習します。


## 等号

等号（`=`、`!=`、`^=`）を利用して等しいか等しくないかを判断する条件文

```mysql

mysql> SELECT * FROM order_details WHERE product_id = 3;
+-----+----------+------------+--------+----------------------------+----------------------------+
| id  | order_id | product_id | amount | created_at                 | updated_at                 |
+-----+----------+------------+--------+----------------------------+----------------------------+
|   3 |        2 |          3 |      2 | 2020-04-07 04:33:58.686672 | 2020-04-07 04:33:58.686672 |
|  12 |        5 |          3 |      1 | 2020-04-07 04:33:58.739993 | 2020-04-07 04:33:58.739993 |
|  21 |        9 |          3 |      3 | 2020-04-07 04:33:58.774341 | 2020-04-07 04:33:58.774341 |
|  30 |       12 |          3 |      1 | 2020-04-07 04:33:58.805487 | 2020-04-07 04:33:58.805487 |
............
| 552 |      278 |          3 |      1 | 2020-04-07 04:34:01.066744 | 2020-04-07 04:34:01.066744 |
| 561 |      281 |          3 |      3 | 2020-04-07 04:34:01.097930 | 2020-04-07 04:34:01.097930 |
| 570 |      287 |          3 |      1 | 2020-04-07 04:34:01.136173 | 2020-04-07 04:34:01.136173 |
| 579 |      291 |          3 |      3 | 2020-04-07 04:34:01.169402 | 2020-04-07 04:34:01.169402 |
| 588 |      294 |          3 |      2 | 2020-04-07 04:34:01.211079 | 2020-04-07 04:34:01.211079 |
| 597 |      299 |          3 |      1 | 2020-04-07 04:34:01.245847 | 2020-04-07 04:34:01.245847 |
+-----+----------+------------

```

```mysql
mysql> SELECT * FROM order_details WHERE product_id != 3;
+-----+----------+------------+--------+----------------------------+----------------------------+
| id  | order_id | product_id | amount | created_at                 | updated_at                 |
+-----+----------+------------+--------+----------------------------+----------------------------+
|   1 |        2 |          1 |      1 | 2020-04-07 04:33:58.679643 | 2020-04-07 04:33:58.679643 |
|   2 |        2 |          2 |      2 | 2020-04-07 04:33:58.683224 | 2020-04-07 04:33:58.683224 |
|   4 |        2 |          4 |      2 | 2020-04-07 04:33:58.690540 | 2020-04-07 04:33:58.690540 |
|   5 |        3 |          5 |      3 | 2020-04-07 04:33:58.707116 | 2020-04-07 04:33:58.707116 |
...........
| 596 |      298 |          2 |      2 | 2020-04-07 04:34:01.240906 | 2020-04-07 04:34:01.240906 |
| 598 |      299 |          4 |      3 | 2020-04-07 04:34:01.248762 | 2020-04-07 04:34:01.248762 |
| 599 |      300 |          5 |      1 | 2020-04-07 04:34:01.254137 | 2020-04-07 04:34:01.254137 |
| 600 |      300 |          6 |      3 | 2020-04-07 04:34:01.256681 | 2020-04-07 04:34:01.256681 |
| 601 |      300 |          7 |      1 | 2020-04-07 04:34:01.259570 | 2020-04-07 04:34:01.259570 |
| 602 |      300 |          8 |      3 | 2020-04-07 04:34:01.262304 | 2020-04-07 04:34:01.262304 |
+-----+----------+------------+--------+----------------------------+----------------------------+
535 rows in set (0.01 sec)

```

```mysql
mysql> SELECT * FROM order_details WHERE product_id <> 3;
+-----+----------+------------+--------+----------------------------+----------------------------+
| id  | order_id | product_id | amount | created_at                 | updated_at                 |
+-----+----------+------------+--------+----------------------------+----------------------------+
|   1 |        2 |          1 |      1 | 2020-04-07 04:33:58.679643 | 2020-04-07 04:33:58.679643 |
|   2 |        2 |          2 |      2 | 2020-04-07 04:33:58.683224 | 2020-04-07 04:33:58.683224 |
|   4 |        2 |          4 |      2 | 2020-04-07 04:33:58.690540 | 2020-04-07 04:33:58.690540 |
|   5 |        3 |          5 |      3 | 2020-04-07 04:33:58.707116 | 2020-04-07 04:33:58.707116 |
.........
| 598 |      299 |          4 |      3 | 2020-04-07 04:34:01.248762 | 2020-04-07 04:34:01.248762 |
| 599 |      300 |          5 |      1 | 2020-04-07 04:34:01.254137 | 2020-04-07 04:34:01.254137 |
| 600 |      300 |          6 |      3 | 2020-04-07 04:34:01.256681 | 2020-04-07 04:34:01.256681 |
| 601 |      300 |          7 |      1 | 2020-04-07 04:34:01.259570 | 2020-04-07 04:34:01.259570 |
| 602 |      300 |          8 |      3 | 2020-04-07 04:34:01.262304 | 2020-04-07 04:34:01.262304 |
+-----+----------+------------+--------+----------------------------+----------------------------+
535 rows in set (0.01 sec)

```

## 不等号

不等号（`<`、`>`、`<>`、`>=`、`=<`）を利用した条件文


```mysql
mysql> SELECT * FROM products;
+----+------------------------+-------+----------------------------+----------------------------+
| id | name                   | price | created_at                 | updated_at                 |
+----+------------------------+-------+----------------------------+----------------------------+
|  1 | Water cooker           |    49 | 2020-04-07 04:33:58.180995 | 2020-04-07 04:33:58.180995 |
|  2 | Window fan             |    12 | 2020-04-07 04:33:58.189536 | 2020-04-07 04:33:58.189536 |
|  3 | Mangle (machine)       |    40 | 2020-04-07 04:33:58.191450 | 2020-04-07 04:33:58.191450 |
|  4 | Evaporative cooler     |    38 | 2020-04-07 04:33:58.193246 | 2020-04-07 04:33:58.193246 |
|  5 | Refrigerator           |   698 | 2020-04-07 04:33:58.210542 | 2020-04-07 04:33:58.210542 |
|  6 | Central vacuum cleaner |    95 | 2020-04-07 04:33:58.212482 | 2020-04-07 04:33:58.212482 |
|  7 | Drawer dishwasher      |   598 | 2020-04-07 04:33:58.214347 | 2020-04-07 04:33:58.214347 |
|  8 | Mousetrap              |     5 | 2020-04-07 04:33:58.216274 | 2020-04-07 04:33:58.216274 |
|  9 | Futon dryer            |    25 | 2020-04-07 04:33:58.218270 | 2020-04-07 04:33:58.218270 |
+----+------------------------+-------+----------------------------+----------------------------+
9 rows in set (0.01 sec)

mysql> SELECT * FROM products WHERE price > 40;
+----+------------------------+-------+----------------------------+----------------------------+
| id | name                   | price | created_at                 | updated_at                 |
+----+------------------------+-------+----------------------------+----------------------------+
|  1 | Water cooker           |    49 | 2020-04-07 04:33:58.180995 | 2020-04-07 04:33:58.180995 |
|  5 | Refrigerator           |   698 | 2020-04-07 04:33:58.210542 | 2020-04-07 04:33:58.210542 |
|  6 | Central vacuum cleaner |    95 | 2020-04-07 04:33:58.212482 | 2020-04-07 04:33:58.212482 |
|  7 | Drawer dishwasher      |   598 | 2020-04-07 04:33:58.214347 | 2020-04-07 04:33:58.214347 |
+----+------------------------+-------+----------------------------+----------------------------+
4 rows in set (0.00 sec)

mysql> SELECT * FROM products WHERE price >= 40;
+----+------------------------+-------+----------------------------+----------------------------+
| id | name                   | price | created_at                 | updated_at                 |
+----+------------------------+-------+----------------------------+----------------------------+
|  1 | Water cooker           |    49 | 2020-04-07 04:33:58.180995 | 2020-04-07 04:33:58.180995 |
|  3 | Mangle (machine)       |    40 | 2020-04-07 04:33:58.191450 | 2020-04-07 04:33:58.191450 |
|  5 | Refrigerator           |   698 | 2020-04-07 04:33:58.210542 | 2020-04-07 04:33:58.210542 |
|  6 | Central vacuum cleaner |    95 | 2020-04-07 04:33:58.212482 | 2020-04-07 04:33:58.212482 |
|  7 | Drawer dishwasher      |   598 | 2020-04-07 04:33:58.214347 | 2020-04-07 04:33:58.214347 |
+----+------------------------+-------+----------------------------+----------------------------+
5 rows in set (0.01 sec)

mysql> SELECT * FROM products WHERE price < 40;
+----+--------------------+-------+----------------------------+----------------------------+
| id | name               | price | created_at                 | updated_at                 |
+----+--------------------+-------+----------------------------+----------------------------+
|  2 | Window fan         |    12 | 2020-04-07 04:33:58.189536 | 2020-04-07 04:33:58.189536 |
|  4 | Evaporative cooler |    38 | 2020-04-07 04:33:58.193246 | 2020-04-07 04:33:58.193246 |
|  8 | Mousetrap          |     5 | 2020-04-07 04:33:58.216274 | 2020-04-07 04:33:58.216274 |
|  9 | Futon dryer        |    25 | 2020-04-07 04:33:58.218270 | 2020-04-07 04:33:58.218270 |
+----+--------------------+-------+----------------------------+----------------------------+
4 rows in set (0.01 sec)

mysql> SELECT * FROM products WHERE price <= 40;
+----+--------------------+-------+----------------------------+----------------------------+
| id | name               | price | created_at                 | updated_at                 |
+----+--------------------+-------+----------------------------+----------------------------+
|  2 | Window fan         |    12 | 2020-04-07 04:33:58.189536 | 2020-04-07 04:33:58.189536 |
|  3 | Mangle (machine)   |    40 | 2020-04-07 04:33:58.191450 | 2020-04-07 04:33:58.191450 |
|  4 | Evaporative cooler |    38 | 2020-04-07 04:33:58.193246 | 2020-04-07 04:33:58.193246 |
|  8 | Mousetrap          |     5 | 2020-04-07 04:33:58.216274 | 2020-04-07 04:33:58.216274 |
|  9 | Futon dryer        |    25 | 2020-04-07 04:33:58.218270 | 2020-04-07 04:33:58.218270 |
+----+--------------------+-------+----------------------------+----------------------------+
5 rows in set (0.01 sec)



```

## NOT LIKE

LIKE文と逆になる条件


```mysql
mysql> SELECT * FROM users WHERE birthday LIKE '20%';
+----+------------------------------------+--------------------+--------+------------+----------------------------+----------------------------+
| id | email                              | name               | gender | birthday   | created_at                 | updated_at                 |
+----+------------------------------------+--------------------+--------+------------+----------------------------+----------------------------+
|  3 | joaquin.koepp@sawaynschuster.io    | Desire Osinski Sr. |      1 | 2002-03-09 | 2020-04-07 04:33:58.405399 | 2020-04-07 04:33:58.405399 |
| 12 | kayce_gulgowski@hodkiewicz.info    | Jerold Satterfield |      0 | 2000-06-26 | 2020-04-07 04:33:58.425603 | 2020-04-07 04:33:58.425603 |
| 20 | jude.hahn@feestherzog.org          | Darron Halvorson   |      1 | 2003-06-07 | 2020-04-07 04:33:58.442967 | 2020-04-07 04:33:58.442967 |
| 33 | normand@whiteoconner.co            | Myrtie Ullrich     |      0 | 2004-04-11 | 2020-04-07 04:33:58.473948 | 2020-04-07 04:33:58.473948 |
| 34 | christopher@bergstrom.net          | Nydia Marquardt IV |      1 | 2003-04-03 | 2020-04-07 04:33:58.477629 | 2020-04-07 04:33:58.477629 |
| 37 | daniel.rutherford@oconnell.net     | Kenneth Prosacco   |      1 | 2002-10-14 | 2020-04-07 04:33:58.489354 | 2020-04-07 04:33:58.489354 |
| 56 | lilli.buckridge@johnstonkuhlman.co | Lyda Dare III      |      0 | 2003-02-01 | 2020-04-07 04:33:58.544681 | 2020-04-07 04:33:58.544681 |
| 63 | starla_watsica@vonrueden.org       | Otelia Kirlin      |      0 | 2004-06-22 | 2020-04-07 04:33:58.565941 | 2020-04-07 04:33:58.565941 |
| 76 | raye.spencer@lowe.io               | Al Gottlieb        |      1 | 2002-09-13 | 2020-04-07 04:33:58.604801 | 2020-04-07 04:33:58.604801 |
| 83 | pearl@thompsonmorar.name           | Danyell Price      |      0 | 2004-10-21 | 2020-04-07 04:33:58.620053 | 2020-04-07 04:33:58.620053 |
| 89 | rocio@gleichnerschiller.info       | Dorian Gislason    |      0 | 2004-04-09 | 2020-04-07 04:33:58.632453 | 2020-04-07 04:33:58.632453 |
| 95 | weldon@kaulke.name                 | Leonardo Turner    |      1 | 2004-11-13 | 2020-04-07 04:33:58.646703 | 2020-04-07 04:33:58.646703 |
| 97 | yen_dickinson@kuhicdubuque.co      | Velva Nolan        |      1 | 2001-11-26 | 2020-04-07 04:33:58.650878 | 2020-04-07 04:33:58.650878 |
+----+------------------------------------+--------------------+--------+------------+----------------------------+----------------------------+
13 rows in set, 1 warning (0.01 sec)

mysql> SELECT * FROM users WHERE birthday NOT LIKE '20%';
+-----+--------------------------------------+----------------------+--------+------------+----------------------------+----------------------------+
| id  | email                                | name                 | gender | birthday   | created_at                 | updated_at                 |
+-----+--------------------------------------+----------------------+--------+------------+----------------------------+----------------------------+
|   1 | jannie@dach.net                      | Erin Casper          |      2 | 1976-04-20 | 2020-04-07 04:33:58.399121 | 2020-04-07 04:33:58.399121 |
|   2 | louis.price@borer.co                 | Sudie Waelchi        |      1 | 1999-07-24 | 2020-04-07 04:33:58.402440 | 2020-04-07 04:33:58.402440 |
|   4 | michael@grant.org                    | Roy Yundt Jr.        |      0 | 1994-06-16 | 2020-04-07 04:33:58.407876 | 2020-04-07 04:33:58.407876 |
|   5 | fredrick_boyle@goyette.org           | Golden Kunde         |      1 | 1998-05-02 | 2020-04-07 04:33:58.410394 | 2020-04-07 04:33:58.410394 |
|   6 | felipe@nitzsche.name                 | Thaddeus Ledner      |      0 | 1962-07-30 | 2020-04-07 04:33:58.412617 | 2020-04-07 04:33:58.412617 |
|   7 | lesley_mitchell@damore.net           | Miss Rudy VonRueden  |      0 | 1968-03-08 | 2020-04-07 04:33:58.414754 | 2020-04-07 04:33:58.414754 |
...........
|  88 | marion@heel.co                       | Hermina Wiegand      |      0 | 1974-03-03 | 2020-04-07 04:33:58.630342 | 2020-04-07 04:33:58.630342 |
|  90 | rae.streich@ruecker.org              | Annetta Friesen II   |      0 | 1979-07-20 | 2020-04-07 04:33:58.635035 | 2020-04-07 04:33:58.635035 |
|  91 | berniece@daugherty.io                | Rickie Littel        |      2 | 1978-11-05 | 2020-04-07 04:33:58.637453 | 2020-04-07 04:33:58.637453 |
|  92 | galen@wiegandmaggio.biz              | Truman Rogahn        |      0 | 1960-05-11 | 2020-04-07 04:33:58.639826 | 2020-04-07 04:33:58.639826 |
|  93 | kermit@vonshanahan.biz               | Soraya Luettgen      |      1 | 1963-11-30 | 2020-04-07 04:33:58.642277 | 2020-04-07 04:33:58.642277 |
|  94 | devora.douglas@nolanschowalter.co    | Pablo Huels Jr.      |      1 | 1967-08-27 | 2020-04-07 04:33:58.644634 | 2020-04-07 04:33:58.644634 |
|  96 | merna@steuberreilly.biz              | Augustine Cassin     |      1 | 1997-07-08 | 2020-04-07 04:33:58.648822 | 2020-04-07 04:33:58.648822 |
|  98 | valery@reilly.org                    | Maurice Koss         |      0 | 1987-03-25 | 2020-04-07 04:33:58.653008 | 2020-04-07 04:33:58.653008 |
|  99 | dennis@buckridge.co                  | Domingo Herman       |      0 | 1981-02-28 | 2020-04-07 04:33:58.654985 | 2020-04-07 04:33:58.654985 |
| 100 | hyman.boyer@mayert.name              | Barton Stracke       |      0 | 1995-03-24 | 2020-04-07 04:33:58.656992 | 2020-04-07 04:33:58.656992 |
+-----+--------------------------------------+----------------------+--------+------------+----------------------------+----------------------------+
87 rows in set, 1 warning (0.01 sec)


```

## AND / OR

ANDとORを利用した絞り込みの条件文


```mysql
mysql> SELECT * FROM users WHERE birthday LIKE '20%' AND gender = 0;
+----+------------------------------------+--------------------+--------+------------+----------------------------+----------------------------+
| id | email                              | name               | gender | birthday   | created_at                 | updated_at                 |
+----+------------------------------------+--------------------+--------+------------+----------------------------+----------------------------+
| 12 | kayce_gulgowski@hodkiewicz.info    | Jerold Satterfield |      0 | 2000-06-26 | 2020-04-07 04:33:58.425603 | 2020-04-07 04:33:58.425603 |
| 33 | normand@whiteoconner.co            | Myrtie Ullrich     |      0 | 2004-04-11 | 2020-04-07 04:33:58.473948 | 2020-04-07 04:33:58.473948 |
| 56 | lilli.buckridge@johnstonkuhlman.co | Lyda Dare III      |      0 | 2003-02-01 | 2020-04-07 04:33:58.544681 | 2020-04-07 04:33:58.544681 |
| 63 | starla_watsica@vonrueden.org       | Otelia Kirlin      |      0 | 2004-06-22 | 2020-04-07 04:33:58.565941 | 2020-04-07 04:33:58.565941 |
| 83 | pearl@thompsonmorar.name           | Danyell Price      |      0 | 2004-10-21 | 2020-04-07 04:33:58.620053 | 2020-04-07 04:33:58.620053 |
| 89 | rocio@gleichnerschiller.info       | Dorian Gislason    |      0 | 2004-04-09 | 2020-04-07 04:33:58.632453 | 2020-04-07 04:33:58.632453 |
+----+------------------------------------+--------------------+--------+------------+----------------------------+----------------------------+
6 rows in set, 1 warning (0.01 sec)

mysql> SELECT * FROM users WHERE birthday LIKE '20%' && gender = 0;
+----+------------------------------------+--------------------+--------+------------+----------------------------+----------------------------+
| id | email                              | name               | gender | birthday   | created_at                 | updated_at                 |
+----+------------------------------------+--------------------+--------+------------+----------------------------+----------------------------+
| 12 | kayce_gulgowski@hodkiewicz.info    | Jerold Satterfield |      0 | 2000-06-26 | 2020-04-07 04:33:58.425603 | 2020-04-07 04:33:58.425603 |
| 33 | normand@whiteoconner.co            | Myrtie Ullrich     |      0 | 2004-04-11 | 2020-04-07 04:33:58.473948 | 2020-04-07 04:33:58.473948 |
| 56 | lilli.buckridge@johnstonkuhlman.co | Lyda Dare III      |      0 | 2003-02-01 | 2020-04-07 04:33:58.544681 | 2020-04-07 04:33:58.544681 |
| 63 | starla_watsica@vonrueden.org       | Otelia Kirlin      |      0 | 2004-06-22 | 2020-04-07 04:33:58.565941 | 2020-04-07 04:33:58.565941 |
| 83 | pearl@thompsonmorar.name           | Danyell Price      |      0 | 2004-10-21 | 2020-04-07 04:33:58.620053 | 2020-04-07 04:33:58.620053 |
| 89 | rocio@gleichnerschiller.info       | Dorian Gislason    |      0 | 2004-04-09 | 2020-04-07 04:33:58.632453 | 2020-04-07 04:33:58.632453 |
+----+------------------------------------+--------------------+--------+------------+----------------------------+----------------------------+
6 rows in set, 1 warning (0.00 sec)

```


```mysql

mysql> SELECT * FROM users WHERE birthday LIKE '20%' OR gender = 0;
+-----+--------------------------------------+----------------------+--------+------------+----------------------------+----------------------------+
| id  | email                                | name                 | gender | birthday   | created_at                 | updated_at                 |
+-----+--------------------------------------+----------------------+--------+------------+----------------------------+----------------------------+
|   3 | joaquin.koepp@sawaynschuster.io      | Desire Osinski Sr.   |      1 | 2002-03-09 | 2020-04-07 04:33:58.405399 | 2020-04-07 04:33:58.405399 |
|   4 | michael@grant.org                    | Roy Yundt Jr.        |      0 | 1994-06-16 | 2020-04-07 04:33:58.407876 | 2020-04-07 04:33:58.407876 |
|   6 | felipe@nitzsche.name                 | Thaddeus Ledner      |      0 | 1962-07-30 | 2020-04-07 04:33:58.412617 | 2020-04-07 04:33:58.412617 |
.......
|  90 | rae.streich@ruecker.org              | Annetta Friesen II   |      0 | 1979-07-20 | 2020-04-07 04:33:58.635035 | 2020-04-07 04:33:58.635035 |
|  92 | galen@wiegandmaggio.biz              | Truman Rogahn        |      0 | 1960-05-11 | 2020-04-07 04:33:58.639826 | 2020-04-07 04:33:58.639826 |
|  95 | weldon@kaulke.name                   | Leonardo Turner      |      1 | 2004-11-13 | 2020-04-07 04:33:58.646703 | 2020-04-07 04:33:58.646703 |
|  97 | yen_dickinson@kuhicdubuque.co        | Velva Nolan          |      1 | 2001-11-26 | 2020-04-07 04:33:58.650878 | 2020-04-07 04:33:58.650878 |
|  98 | valery@reilly.org                    | Maurice Koss         |      0 | 1987-03-25 | 2020-04-07 04:33:58.653008 | 2020-04-07 04:33:58.653008 |
|  99 | dennis@buckridge.co                  | Domingo Herman       |      0 | 1981-02-28 | 2020-04-07 04:33:58.654985 | 2020-04-07 04:33:58.654985 |
| 100 | hyman.boyer@mayert.name              | Barton Stracke       |      0 | 1995-03-24 | 2020-04-07 04:33:58.656992 | 2020-04-07 04:33:58.656992 |
+-----+--------------------------------------+----------------------+--------+------------+----------------------------+----------------------------+
55 rows in set, 1 warning (0.01 sec)


mysql> SELECT * FROM users WHERE birthday LIKE '20%' || gender = 0;
+-----+--------------------------------------+----------------------+--------+------------+----------------------------+----------------------------+
| id  | email                                | name                 | gender | birthday   | created_at                 | updated_at                 |
+-----+--------------------------------------+----------------------+--------+------------+----------------------------+----------------------------+
|   3 | joaquin.koepp@sawaynschuster.io      | Desire Osinski Sr.   |      1 | 2002-03-09 | 2020-04-07 04:33:58.405399 | 2020-04-07 04:33:58.405399 |
|   4 | michael@grant.org                    | Roy Yundt Jr.        |      0 | 1994-06-16 | 2020-04-07 04:33:58.407876 | 2020-04-07 04:33:58.407876 |
|   6 | felipe@nitzsche.name                 | Thaddeus Ledner      |      0 | 1962-07-30 | 2020-04-07 04:33:58.412617 | 2020-04-07 04:33:58.412617 |
....
|  90 | rae.streich@ruecker.org              | Annetta Friesen II   |      0 | 1979-07-20 | 2020-04-07 04:33:58.635035 | 2020-04-07 04:33:58.635035 |
|  92 | galen@wiegandmaggio.biz              | Truman Rogahn        |      0 | 1960-05-11 | 2020-04-07 04:33:58.639826 | 2020-04-07 04:33:58.639826 |
|  95 | weldon@kaulke.name                   | Leonardo Turner      |      1 | 2004-11-13 | 2020-04-07 04:33:58.646703 | 2020-04-07 04:33:58.646703 |
|  97 | yen_dickinson@kuhicdubuque.co        | Velva Nolan          |      1 | 2001-11-26 | 2020-04-07 04:33:58.650878 | 2020-04-07 04:33:58.650878 |
|  98 | valery@reilly.org                    | Maurice Koss         |      0 | 1987-03-25 | 2020-04-07 04:33:58.653008 | 2020-04-07 04:33:58.653008 |
|  99 | dennis@buckridge.co                  | Domingo Herman       |      0 | 1981-02-28 | 2020-04-07 04:33:58.654985 | 2020-04-07 04:33:58.654985 |
| 100 | hyman.boyer@mayert.name              | Barton Stracke       |      0 | 1995-03-24 | 2020-04-07 04:33:58.656992 | 2020-04-07 04:33:58.656992 |
+-----+--------------------------------------+----------------------+--------+------------+----------------------------+----------------------------+
55 rows in set, 1 warning (0.01 sec)


```

## BETWEEN

範囲を指定した絞り込み条件文

```mysql
mysql> SELECT * FROM products WHERE price BETWEEN 40 AND 598;
+----+------------------------+-------+----------------------------+----------------------------+
| id | name                   | price | created_at                 | updated_at                 |
+----+------------------------+-------+----------------------------+----------------------------+
|  1 | Water cooker           |    49 | 2020-04-07 04:33:58.180995 | 2020-04-07 04:33:58.180995 |
|  3 | Mangle (machine)       |    40 | 2020-04-07 04:33:58.191450 | 2020-04-07 04:33:58.191450 |
|  6 | Central vacuum cleaner |    95 | 2020-04-07 04:33:58.212482 | 2020-04-07 04:33:58.212482 |
|  7 | Drawer dishwasher      |   598 | 2020-04-07 04:33:58.214347 | 2020-04-07 04:33:58.214347 |
+----+------------------------+-------+----------------------------+----------------------------+

mysql> SELECT * FROM products WHERE price >= 40 AND price <= 598;
+----+------------------------+-------+----------------------------+----------------------------+
| id | name                   | price | created_at                 | updated_at                 |
+----+------------------------+-------+----------------------------+----------------------------+
|  1 | Water cooker           |    49 | 2020-04-07 04:33:58.180995 | 2020-04-07 04:33:58.180995 |
|  3 | Mangle (machine)       |    40 | 2020-04-07 04:33:58.191450 | 2020-04-07 04:33:58.191450 |
|  6 | Central vacuum cleaner |    95 | 2020-04-07 04:33:58.212482 | 2020-04-07 04:33:58.212482 |
|  7 | Drawer dishwasher      |   598 | 2020-04-07 04:33:58.214347 | 2020-04-07 04:33:58.214347 |
+----+------------------------+-------+----------------------------+----------------------------+
4 rows in set (0.01 sec)
```



```mysql
mysql> SELECT * FROM products WHERE price NOT BETWEEN 40 AND 598;
+----+--------------------+-------+----------------------------+----------------------------+
| id | name               | price | created_at                 | updated_at                 |
+----+--------------------+-------+----------------------------+----------------------------+
|  2 | Window fan         |    12 | 2020-04-07 04:33:58.189536 | 2020-04-07 04:33:58.189536 |
|  4 | Evaporative cooler |    38 | 2020-04-07 04:33:58.193246 | 2020-04-07 04:33:58.193246 |
|  5 | Refrigerator       |   698 | 2020-04-07 04:33:58.210542 | 2020-04-07 04:33:58.210542 |
|  8 | Mousetrap          |     5 | 2020-04-07 04:33:58.216274 | 2020-04-07 04:33:58.216274 |
|  9 | Futon dryer        |    25 | 2020-04-07 04:33:58.218270 | 2020-04-07 04:33:58.218270 |
+----+--------------------+-------+----------------------------+----------------------------+
5 rows in set (0.01 sec)


mysql> SELECT * FROM products WHERE price < 40 OR price > 598;
+----+--------------------+-------+----------------------------+----------------------------+
| id | name               | price | created_at                 | updated_at                 |
+----+--------------------+-------+----------------------------+----------------------------+
|  2 | Window fan         |    12 | 2020-04-07 04:33:58.189536 | 2020-04-07 04:33:58.189536 |
|  4 | Evaporative cooler |    38 | 2020-04-07 04:33:58.193246 | 2020-04-07 04:33:58.193246 |
|  5 | Refrigerator       |   698 | 2020-04-07 04:33:58.210542 | 2020-04-07 04:33:58.210542 |
|  8 | Mousetrap          |     5 | 2020-04-07 04:33:58.216274 | 2020-04-07 04:33:58.216274 |
|  9 | Futon dryer        |    25 | 2020-04-07 04:33:58.218270 | 2020-04-07 04:33:58.218270 |
+----+--------------------+-------+----------------------------+----------------------------+
5 rows in set (0.01 sec)

```


## IN

IN、NOT INにようる条件文との組み合わせと絞り込み

```mysql

mysql> SELECT * FROM order_details WHERE product_id IN (1,3);
+-----+----------+------------+--------+----------------------------+----------------------------+
| id  | order_id | product_id | amount | created_at                 | updated_at                 |
+-----+----------+------------+--------+----------------------------+----------------------------+
|   1 |        2 |          1 |      1 | 2020-04-07 04:33:58.679643 | 2020-04-07 04:33:58.679643 |
|   3 |        2 |          3 |      2 | 2020-04-07 04:33:58.686672 | 2020-04-07 04:33:58.686672 |
|  10 |        4 |          1 |      2 | 2020-04-07 04:33:58.730738 | 2020-04-07 04:33:58.730738 |
|  12 |        5 |          3 |      1 | 2020-04-07 04:33:58.739993 | 2020-04-07 04:33:58.739993 |
|  19 |        7 |          1 |      3 | 2020-04-07 04:33:58.764579 | 2020-04-07 04:33:58.764579 |
|  21 |        9 |          3 |      3 | 2020-04-07 04:33:58.774341 | 2020-04-07 04:33:58.774341 |
|  28 |       10 |          1 |      3 | 2020-04-07 04:33:58.796088 | 2020-04-07 04:33:58.796088 |
|  30 |       12 |          3 |      1 | 2020-04-07 04:33:58.805487 | 2020-04-07 04:33:58.805487 |
|  37 |       14 |          1 |      3 | 2020-04-07 04:33:58.830067 | 2020-04-07 04:33:58.830067 |
|  39 |       16 |          3 |      1 | 2020-04-07 04:33:58.839247 | 2020-04-07 04:33:58.839247 |
........
| 561 |      281 |          3 |      3 | 2020-04-07 04:34:01.097930 | 2020-04-07 04:34:01.097930 |
| 568 |      284 |          1 |      2 | 2020-04-07 04:34:01.123118 | 2020-04-07 04:34:01.123118 |
| 570 |      287 |          3 |      1 | 2020-04-07 04:34:01.136173 | 2020-04-07 04:34:01.136173 |
| 577 |      290 |          1 |      2 | 2020-04-07 04:34:01.161492 | 2020-04-07 04:34:01.161492 |
| 579 |      291 |          3 |      3 | 2020-04-07 04:34:01.169402 | 2020-04-07 04:34:01.169402 |
| 586 |      293 |          1 |      3 | 2020-04-07 04:34:01.204102 | 2020-04-07 04:34:01.204102 |
| 588 |      294 |          3 |      2 | 2020-04-07 04:34:01.211079 | 2020-04-07 04:34:01.211079 |
| 595 |      298 |          1 |      1 | 2020-04-07 04:34:01.238522 | 2020-04-07 04:34:01.238522 |
| 597 |      299 |          3 |      1 | 2020-04-07 04:34:01.245847 | 2020-04-07 04:34:01.245847 |
+-----+----------+------------+--------+----------------------------+----------------------------+
134 rows in set (0.01 sec)

mysql> SELECT * FROM order_details WHERE product_id = 1 OR product_id = 3;
+-----+----------+------------+--------+----------------------------+----------------------------+
| id  | order_id | product_id | amount | created_at                 | updated_at                 |
+-----+----------+------------+--------+----------------------------+----------------------------+
|   1 |        2 |          1 |      1 | 2020-04-07 04:33:58.679643 | 2020-04-07 04:33:58.679643 |
|   3 |        2 |          3 |      2 | 2020-04-07 04:33:58.686672 | 2020-04-07 04:33:58.686672 |
|  10 |        4 |          1 |      2 | 2020-04-07 04:33:58.730738 | 2020-04-07 04:33:58.730738 |
|  12 |        5 |          3 |      1 | 2020-04-07 04:33:58.739993 | 2020-04-07 04:33:58.739993 |
|  19 |        7 |          1 |      3 | 2020-04-07 04:33:58.764579 | 2020-04-07 04:33:58.764579 |
|  21 |        9 |          3 |      3 | 2020-04-07 04:33:58.774341 | 2020-04-07 04:33:58.774341 |
.........
| 561 |      281 |          3 |      3 | 2020-04-07 04:34:01.097930 | 2020-04-07 04:34:01.097930 |
| 568 |      284 |          1 |      2 | 2020-04-07 04:34:01.123118 | 2020-04-07 04:34:01.123118 |
| 570 |      287 |          3 |      1 | 2020-04-07 04:34:01.136173 | 2020-04-07 04:34:01.136173 |
| 577 |      290 |          1 |      2 | 2020-04-07 04:34:01.161492 | 2020-04-07 04:34:01.161492 |
| 579 |      291 |          3 |      3 | 2020-04-07 04:34:01.169402 | 2020-04-07 04:34:01.169402 |
| 586 |      293 |          1 |      3 | 2020-04-07 04:34:01.204102 | 2020-04-07 04:34:01.204102 |
| 588 |      294 |          3 |      2 | 2020-04-07 04:34:01.211079 | 2020-04-07 04:34:01.211079 |
| 595 |      298 |          1 |      1 | 2020-04-07 04:34:01.238522 | 2020-04-07 04:34:01.238522 |
| 597 |      299 |          3 |      1 | 2020-04-07 04:34:01.245847 | 2020-04-07 04:34:01.245847 |
+-----+----------+------------+--------+----------------------------+----------------------------+
134 rows in set (0.01 sec)

```

```mysql

mysql> SELECT * FROM order_details WHERE product_id NOT IN (1,3);
+-----+----------+------------+--------+----------------------------+----------------------------+
| id  | order_id | product_id | amount | created_at                 | updated_at                 |
+-----+----------+------------+--------+----------------------------+----------------------------+
|   2 |        2 |          2 |      2 | 2020-04-07 04:33:58.683224 | 2020-04-07 04:33:58.683224 |
|   4 |        2 |          4 |      2 | 2020-04-07 04:33:58.690540 | 2020-04-07 04:33:58.690540 |
|   5 |        3 |          5 |      3 | 2020-04-07 04:33:58.707116 | 2020-04-07 04:33:58.707116 |
|   6 |        3 |          6 |      1 | 2020-04-07 04:33:58.709882 | 2020-04-07 04:33:58.709882 |
|   7 |        3 |          7 |      1 | 2020-04-07 04:33:58.713359 | 2020-04-07 04:33:58.713359 |
.........
| 596 |      298 |          2 |      2 | 2020-04-07 04:34:01.240906 | 2020-04-07 04:34:01.240906 |
| 598 |      299 |          4 |      3 | 2020-04-07 04:34:01.248762 | 2020-04-07 04:34:01.248762 |
| 599 |      300 |          5 |      1 | 2020-04-07 04:34:01.254137 | 2020-04-07 04:34:01.254137 |
| 600 |      300 |          6 |      3 | 2020-04-07 04:34:01.256681 | 2020-04-07 04:34:01.256681 |
| 601 |      300 |          7 |      1 | 2020-04-07 04:34:01.259570 | 2020-04-07 04:34:01.259570 |
| 602 |      300 |          8 |      3 | 2020-04-07 04:34:01.262304 | 2020-04-07 04:34:01.262304 |
+-----+----------+------------+--------+----------------------------+----------------------------+
468 rows in set (0.01 sec)



mysql> SELECT * FROM order_details WHERE product_id != 1 AND product_id != 3;
+-----+----------+------------+--------+----------------------------+----------------------------+
| id  | order_id | product_id | amount | created_at                 | updated_at                 |
+-----+----------+------------+--------+----------------------------+----------------------------+
|   2 |        2 |          2 |      2 | 2020-04-07 04:33:58.683224 | 2020-04-07 04:33:58.683224 |
|   4 |        2 |          4 |      2 | 2020-04-07 04:33:58.690540 | 2020-04-07 04:33:58.690540 |
|   5 |        3 |          5 |      3 | 2020-04-07 04:33:58.707116 | 2020-04-07 04:33:58.707116 |
|   6 |        3 |          6 |      1 | 2020-04-07 04:33:58.709882 | 2020-04-07 04:33:58.709882 |
|   7 |        3 |          7 |      1 | 2020-04-07 04:33:58.713359 | 2020-04-07 04:33:58.713359 |
.........
| 596 |      298 |          2 |      2 | 2020-04-07 04:34:01.240906 | 2020-04-07 04:34:01.240906 |
| 598 |      299 |          4 |      3 | 2020-04-07 04:34:01.248762 | 2020-04-07 04:34:01.248762 |
| 599 |      300 |          5 |      1 | 2020-04-07 04:34:01.254137 | 2020-04-07 04:34:01.254137 |
| 600 |      300 |          6 |      3 | 2020-04-07 04:34:01.256681 | 2020-04-07 04:34:01.256681 |
| 601 |      300 |          7 |      1 | 2020-04-07 04:34:01.259570 | 2020-04-07 04:34:01.259570 |
| 602 |      300 |          8 |      3 | 2020-04-07 04:34:01.262304 | 2020-04-07 04:34:01.262304 |
+-----+----------+------------+--------+----------------------------+----------------------------+
468 rows in set (0.02 sec)


```

## 演習


### ユーザ名の頭文字がAとBのいずれかを対象とした、ユーザーのリスト

```mysql
mysql> SELECT * FROM users WHERE name LIKE 'A%' OR 'B%' OR 'C%';
+----+--------------------------------+--------------------+--------+------------+----------------------------+----------------------------+
| id | email                          | name               | gender | birthday   | created_at                 | updated_at                 |
+----+--------------------------------+--------------------+--------+------------+----------------------------+----------------------------+
| 21 | chia@mann.org                  | Agnes Stehr        |      2 | 1961-05-01 | 2020-04-07 04:33:58.445543 | 2020-04-07 04:33:58.445543 |
| 23 | gregg.jacobs@baileyherzog.name | Andera Torp        |      0 | 1997-11-17 | 2020-04-07 04:33:58.449924 | 2020-04-07 04:33:58.449924 |
| 27 | noble_monahan@roob.org         | Aurelio Jacobson   |      0 | 1969-05-27 | 2020-04-07 04:33:58.458735 | 2020-04-07 04:33:58.458735 |
| 47 | annamarie@abernathy.co         | Aleida Ruecker     |      0 | 1996-06-26 | 2020-04-07 04:33:58.513845 | 2020-04-07 04:33:58.513845 |
| 53 | kary.grimes@goyette.name       | Adalberto McClure  |      1 | 1981-01-29 | 2020-04-07 04:33:58.527016 | 2020-04-07 04:33:58.527016 |
| 76 | raye.spencer@lowe.io           | Al Gottlieb        |      1 | 2002-09-13 | 2020-04-07 04:33:58.604801 | 2020-04-07 04:33:58.604801 |
| 90 | rae.streich@ruecker.org        | Annetta Friesen II |      0 | 1979-07-20 | 2020-04-07 04:33:58.635035 | 2020-04-07 04:33:58.635035 |
| 96 | merna@steuberreilly.biz        | Augustine Cassin   |      1 | 1997-07-08 | 2020-04-07 04:33:58.648822 | 2020-04-07 04:33:58.648822 |
+----+--------------------------------+--------------------+--------+------------+----------------------------+----------------------------+
8 rows in set, 2 warnings (0.01 sec)
```


### 誕生日が2003年や1993年（1桁のみで1930年は含めず）など、3年代の年か3月生まれのユーザのリスト

```mysql
mysql> SELECT * FROM users WHERE birthday LIKE '%3-%';
+-----+------------------------------------+----------------------+--------+------------+----------------------------+----------------------------+
| id  | email                              | name                 | gender | birthday   | created_at                 | updated_at                 |
+-----+------------------------------------+----------------------+--------+------------+----------------------------+----------------------------+
|   3 | joaquin.koepp@sawaynschuster.io    | Desire Osinski Sr.   |      1 | 2002-03-09 | 2020-04-07 04:33:58.405399 | 2020-04-07 04:33:58.405399 |
|   7 | lesley_mitchell@damore.net         | Miss Rudy VonRueden  |      0 | 1968-03-08 | 2020-04-07 04:33:58.414754 | 2020-04-07 04:33:58.414754 |
|  10 | linwood.vonrueden@hueljones.biz    | Coy Swaniawski       |      1 | 1978-03-12 | 2020-04-07 04:33:58.420987 | 2020-04-07 04:33:58.420987 |
|  13 | gregory@sanfordbeier.com           | Zenaida Gorczany I   |      1 | 1991-03-27 | 2020-04-07 04:33:58.427887 | 2020-04-07 04:33:58.427887 |
|  14 | silva@cremin.org                   | Ivory King           |      0 | 1963-05-10 | 2020-04-07 04:33:58.429979 | 2020-04-07 04:33:58.429979 |
|  16 | jong@bins.biz                      | Darrick Lehner       |      0 | 1993-01-07 | 2020-04-07 04:33:58.434218 | 2020-04-07 04:33:58.434218 |
|  17 | hayley@littel.io                   | Quincy Murphy        |      0 | 1988-03-23 | 2020-04-07 04:33:58.436362 | 2020-04-07 04:33:58.436362 |
|  20 | jude.hahn@feestherzog.org          | Darron Halvorson     |      1 | 2003-06-07 | 2020-04-07 04:33:58.442967 | 2020-04-07 04:33:58.442967 |
|  34 | christopher@bergstrom.net          | Nydia Marquardt IV   |      1 | 2003-04-03 | 2020-04-07 04:33:58.477629 | 2020-04-07 04:33:58.477629 |
|  44 | christal@zulauf.org                | Ross Willms          |      1 | 1965-03-31 | 2020-04-07 04:33:58.507732 | 2020-04-07 04:33:58.507732 |
|  50 | gerry_balistreri@douglashills.name | Theron Nolan         |      1 | 1985-03-07 | 2020-04-07 04:33:58.520850 | 2020-04-07 04:33:58.520850 |
|  56 | lilli.buckridge@johnstonkuhlman.co | Lyda Dare III        |      0 | 2003-02-01 | 2020-04-07 04:33:58.544681 | 2020-04-07 04:33:58.544681 |
|  57 | sabra_heaney@crona.biz             | Iva Leuschke Jr.     |      1 | 1993-08-26 | 2020-04-07 04:33:58.546846 | 2020-04-07 04:33:58.546846 |
|  60 | vaughn_brekke@ratkemcclure.info    | Fran Reynolds        |      1 | 1961-03-30 | 2020-04-07 04:33:58.554586 | 2020-04-07 04:33:58.554586 |
|  61 | desmond_baumbach@altenwerth.io     | Julio Cormier        |      2 | 1973-09-03 | 2020-04-07 04:33:58.558443 | 2020-04-07 04:33:58.558443 |
|  64 | laurence_price@klingblick.io       | Francisca Konopelski |      1 | 1973-05-03 | 2020-04-07 04:33:58.569664 | 2020-04-07 04:33:58.569664 |
|  67 | dennis.blick@kohler.com            | Danette Collins      |      1 | 1965-03-13 | 2020-04-07 04:33:58.580366 | 2020-04-07 04:33:58.580366 |
|  68 | mimi@hyatt.biz                     | Gerald Farrell       |      1 | 1968-03-15 | 2020-04-07 04:33:58.584475 | 2020-04-07 04:33:58.584475 |
|  81 | nikia@rolfsonkunze.name            | Wilford Blick        |      2 | 1973-04-01 | 2020-04-07 04:33:58.615971 | 2020-04-07 04:33:58.615971 |
|  82 | arron@grant.io                     | Elmira White         |      1 | 1999-03-14 | 2020-04-07 04:33:58.618004 | 2020-04-07 04:33:58.618004 |
|  85 | somer@nolanterry.co                | Miss Majorie Goyette |      0 | 1962-03-26 | 2020-04-07 04:33:58.624271 | 2020-04-07 04:33:58.624271 |
|  88 | marion@heel.co                     | Hermina Wiegand      |      0 | 1974-03-03 | 2020-04-07 04:33:58.630342 | 2020-04-07 04:33:58.630342 |
|  93 | kermit@vonshanahan.biz             | Soraya Luettgen      |      1 | 1963-11-30 | 2020-04-07 04:33:58.642277 | 2020-04-07 04:33:58.642277 |
|  98 | valery@reilly.org                  | Maurice Koss         |      0 | 1987-03-25 | 2020-04-07 04:33:58.653008 | 2020-04-07 04:33:58.653008 |
| 100 | hyman.boyer@mayert.name            | Barton Stracke       |      0 | 1995-03-24 | 2020-04-07 04:33:58.656992 | 2020-04-07 04:33:58.656992 |
+-----+------------------------------------+----------------------+--------+------------+----------------------------+----------------------------+
25 rows in set, 1 warning (0.01 sec)



```


### order_idが2桁のユーザの中から、product_idが3,4,5,6の製品の発注状況を確認したい。

```mysql
mysql> SELECT * FROM order_details WHERE order_id LIKE '__' AND product_id IN (3,4,5,6);
+-----+----------+------------+--------+----------------------------+----------------------------+
| id  | order_id | product_id | amount | created_at                 | updated_at                 |
+-----+----------+------------+--------+----------------------------+----------------------------+
|  30 |       12 |          3 |      1 | 2020-04-07 04:33:58.805487 | 2020-04-07 04:33:58.805487 |
|  31 |       12 |          4 |      2 | 2020-04-07 04:33:58.808279 | 2020-04-07 04:33:58.808279 |
|  32 |       13 |          5 |      1 | 2020-04-07 04:33:58.813176 | 2020-04-07 04:33:58.813176 |
|  33 |       13 |          6 |      2 | 2020-04-07 04:33:58.816336 | 2020-04-07 04:33:58.816336 |
|  39 |       16 |          3 |      1 | 2020-04-07 04:33:58.839247 | 2020-04-07 04:33:58.839247 |
|  40 |       16 |          4 |      2 | 2020-04-07 04:33:58.841666 | 2020-04-07 04:33:58.841666 |
|  41 |       17 |          5 |      3 | 2020-04-07 04:33:58.857025 | 2020-04-07 04:33:58.857025 |
|  42 |       17 |          6 |      2 | 2020-04-07 04:33:58.859844 | 2020-04-07 04:33:58.859844 |
|  48 |       19 |          3 |      3 | 2020-04-07 04:33:58.883602 | 2020-04-07 04:33:58.883602 |
.........
| 183 |       95 |          3 |      2 | 2020-04-07 04:33:59.490095 | 2020-04-07 04:33:59.490095 |
| 184 |       96 |          4 |      2 | 2020-04-07 04:33:59.494881 | 2020-04-07 04:33:59.494881 |
| 185 |       96 |          5 |      3 | 2020-04-07 04:33:59.497584 | 2020-04-07 04:33:59.497584 |
| 186 |       96 |          6 |      2 | 2020-04-07 04:33:59.500138 | 2020-04-07 04:33:59.500138 |
| 192 |       99 |          3 |      2 | 2020-04-07 04:33:59.524555 | 2020-04-07 04:33:59.524555 |
| 193 |       99 |          4 |      2 | 2020-04-07 04:33:59.527690 | 2020-04-07 04:33:59.527690 |
| 194 |       99 |          5 |      1 | 2020-04-07 04:33:59.530809 | 2020-04-07 04:33:59.530809 |
+-----+----------+------------+--------+----------------------------+----------------------------+
75 rows in set (0.01 sec)

```


### product_idが5、6、9番以外の商品の中から、amountが2以上のリスト

```mysql
mysql> SELECT * FROM order_details WHERE product_id NOT IN (5, 6, 9) AND amount >= 2;
+-----+----------+------------+--------+----------------------------+----------------------------+
| id  | order_id | product_id | amount | created_at                 | updated_at                 |
+-----+----------+------------+--------+----------------------------+----------------------------+
|   2 |        2 |          2 |      2 | 2020-04-07 04:33:58.683224 | 2020-04-07 04:33:58.683224 |
|   3 |        2 |          3 |      2 | 2020-04-07 04:33:58.686672 | 2020-04-07 04:33:58.686672 |
|   4 |        2 |          4 |      2 | 2020-04-07 04:33:58.690540 | 2020-04-07 04:33:58.690540 |
|   8 |        3 |          8 |      3 | 2020-04-07 04:33:58.717463 | 2020-04-07 04:33:58.717463 |
|  10 |        4 |          1 |      2 | 2020-04-07 04:33:58.730738 | 2020-04-07 04:33:58.730738 |
|  11 |        4 |          2 |      2 | 2020-04-07 04:33:58.734374 | 2020-04-07 04:33:58.734374 |
|  16 |        6 |          7 |      3 | 2020-04-07 04:33:58.753730 | 2020-04-07 04:33:58.753730 |
.......
| 587 |      294 |          2 |      2 | 2020-04-07 04:34:01.208620 | 2020-04-07 04:34:01.208620 |
| 588 |      294 |          3 |      2 | 2020-04-07 04:34:01.211079 | 2020-04-07 04:34:01.211079 |
| 593 |      297 |          8 |      2 | 2020-04-07 04:34:01.230724 | 2020-04-07 04:34:01.230724 |
| 596 |      298 |          2 |      2 | 2020-04-07 04:34:01.240906 | 2020-04-07 04:34:01.240906 |
| 598 |      299 |          4 |      3 | 2020-04-07 04:34:01.248762 | 2020-04-07 04:34:01.248762 |
| 602 |      300 |          8 |      3 | 2020-04-07 04:34:01.262304 | 2020-04-07 04:34:01.262304 |
+-----+----------+--------

```


### 次のクエリの短縮化を行う

```mysql
SELECT
	*
FROM
	products
WHERE
	price < 40
OR
	price > 300;

```
```mysql
mysql> SELECT
    -> *
    -> FROM
    -> products
    -> WHERE
    -> price < 40
    -> OR
    -> price > 300;
+----+--------------------+-------+----------------------------+----------------------------+
| id | name               | price | created_at                 | updated_at                 |
+----+--------------------+-------+----------------------------+----------------------------+
|  2 | Window fan         |    12 | 2020-04-07 04:33:58.189536 | 2020-04-07 04:33:58.189536 |
|  4 | Evaporative cooler |    38 | 2020-04-07 04:33:58.193246 | 2020-04-07 04:33:58.193246 |
|  5 | Refrigerator       |   698 | 2020-04-07 04:33:58.210542 | 2020-04-07 04:33:58.210542 |
|  7 | Drawer dishwasher  |   598 | 2020-04-07 04:33:58.214347 | 2020-04-07 04:33:58.214347 |
|  8 | Mousetrap          |     5 | 2020-04-07 04:33:58.216274 | 2020-04-07 04:33:58.216274 |
|  9 | Futon dryer        |    25 | 2020-04-07 04:33:58.218270 | 2020-04-07 04:33:58.218270 |
+----+--------------------+-------+----------------------------+----------------------------+
6 rows in set (0.00 sec)


mysql> SELECT * FROM products WHERE price NOT BETWEEN 40 AND 300;
+----+--------------------+-------+----------------------------+----------------------------+
| id | name               | price | created_at                 | updated_at                 |
+----+--------------------+-------+----------------------------+----------------------------+
|  2 | Window fan         |    12 | 2020-04-07 04:33:58.189536 | 2020-04-07 04:33:58.189536 |
|  4 | Evaporative cooler |    38 | 2020-04-07 04:33:58.193246 | 2020-04-07 04:33:58.193246 |
|  5 | Refrigerator       |   698 | 2020-04-07 04:33:58.210542 | 2020-04-07 04:33:58.210542 |
|  7 | Drawer dishwasher  |   598 | 2020-04-07 04:33:58.214347 | 2020-04-07 04:33:58.214347 |
|  8 | Mousetrap          |     5 | 2020-04-07 04:33:58.216274 | 2020-04-07 04:33:58.216274 |
|  9 | Futon dryer        |    25 | 2020-04-07 04:33:58.218270 | 2020-04-07 04:33:58.218270 |
+----+--------------------+-------+----------------------------+----------------------------+
6 rows in set (0.01 sec)


```

